,TOTUSJH,TOTBSQ,TOTPOT,TOTUSJZ,ABSNJZH,SAVNCPP,USFLUX,EPSZ,MEANSHR,MEANGAM,MEANGBH,MEANJZD
x_min,0.0,0.0,0.0,0.0,0.0,0.0,0.0,-0.9905897598353742,1.821556596685629,8.05677549229025,4.7359559212182765,-52.27885909585711
y_mean,4.963492431360495,20.88099092359038,50.43689463204346,28.536669207200447,2.614397111982365,27.131897716954672,48.71794166131591,0.3844805993674915,3.2217419388186106,3.2517496187760258,3.843436470721125,3.9805201782112025
y_std,1.697093000471374,2.7387541951412007,5.203139065979407,3.1143355617272994,1.619749780274712,3.0298585190867993,4.841407883524128,0.1146334860316675,0.28006563322758005,0.30370734005773337,0.28434795850909284,0.012390322946494295
y_median,4.9531309389054945,20.957043146127067,50.57245306765226,28.739034163385654,2.375838944805209,27.375281266461748,49.13227048785898,0.3474701636828613,3.12849496334728,3.1615757548157664,3.8694432129237333,3.978405005320065
y_IQR,2.6426616656251856,3.201024525327803,3.731904949454595,2.6140145190535478,2.4500482415055034,2.3057694206911137,2.7264356846646223,0.16002212911339975,0.3772103832803535,0.4296111804268792,0.38626982020331235,0.011499488027244986
