,MEANGBT,R_VALUE
x_mean,117.74325286688409,1.6537110067119256
x_std,22.18082334461814,1.8938104706634609
x_median,118.84730832576462,0.0
x_IQR,31.823988586992712,3.6113550392889433
